product_id	filename	filepath	description	is_display_image	is_landing_image	filetype
1119	81TtgFNJrGL418552_7848438508	sellit-media/81TtgFNJrGL418552_7848438508	null	t	f	image
1120	718hIUhKzeL3009507_5195764354	sellit-media/718hIUhKzeL3009507_5195764354	null	t	f	image
1121	61wYl1RtGOL9231957_982710768	sellit-media/61wYl1RtGOL9231957_982710768	null	t	f	image
1122	71jTFnk7XiL1121920_5005176326	sellit-media/71jTFnk7XiL1121920_5005176326	null	t	f	image
1123	71+1lOl1Y1L3856614_2669947776	sellit-media/71+1lOl1Y1L3856614_2669947776	null	t	f	image
1124	71g9X7W9K3L966393_0748943362	sellit-media/71g9X7W9K3L966393_0748943362	null	t	f	image
1125	81zcUyiNcUL334720_8708901839	sellit-media/81zcUyiNcUL334720_8708901839	null	t	f	image
1126	71JqyTBiXrL6184326_879878803	sellit-media/71JqyTBiXrL6184326_879878803	null	t	f	image
1127	81sq-a+suJL9319206_402410729	sellit-media/81sq-a+suJL9319206_402410729	null	t	f	image
1128	415G0bg-hiL3753686_5385182328	sellit-media/415G0bg-hiL3753686_5385182328	null	t	f	image
1129	71CR6drcruL8264185_217663555	sellit-media/71CR6drcruL8264185_217663555	null	t	f	image
1130	71PRmI5eCqL177904_29485340597	sellit-media/71PRmI5eCqL177904_29485340597	null	t	f	image
1131	713RkW3M4IL6384784_895089229	sellit-media/713RkW3M4IL6384784_895089229	null	t	f	image
1132	61wYl1RtGOL6446907_564543387	sellit-media/61wYl1RtGOL6446907_564543387	null	t	f	image
1133	819hAP4xoGS2203194_004285389	sellit-media/819hAP4xoGS2203194_004285389	null	t	f	image
1134	71tXLOE7wIL9287802_797393851	sellit-media/71tXLOE7wIL9287802_797393851	null	t	f	image
1135	91pjZAMbEUS7125700_052867714	sellit-media/91pjZAMbEUS7125700_052867714	null	t	f	image
1136	71ctRE34RuL5204137_385765131	sellit-media/71ctRE34RuL5204137_385765131	null	t	f	image
1137	6142LSpf6xL6765895_0285637975	sellit-media/6142LSpf6xL6765895_0285637975	null	t	f	image
1138	814KnXVtcsL6635447_518282147	sellit-media/814KnXVtcsL6635447_518282147	null	t	f	image
1139	71v0BQo8T8L271303_43483533716	sellit-media/71v0BQo8T8L271303_43483533716	null	t	f	image
1140	71k1LmLaj4L95380_19149186283	sellit-media/71k1LmLaj4L95380_19149186283	null	t	f	image
1141	81J9wwm9WxL6877218_0877416255	sellit-media/81J9wwm9WxL6877218_0877416255	null	t	f	image
1142	71gx1HNTj1L2047133_1065499121	sellit-media/71gx1HNTj1L2047133_1065499121	null	t	f	image
1143	81K1NR+8WjL8030137_202403758	sellit-media/81K1NR+8WjL8030137_202403758	null	t	f	image
1144	61e2XEOJLGL6037076_145519222	sellit-media/61e2XEOJLGL6037076_145519222	null	t	f	image
1145	71FLsWWmE8L8347590_125933764	sellit-media/71FLsWWmE8L8347590_125933764	null	t	f	image
1146	71pvhTrmZDL7318970_931085933	sellit-media/71pvhTrmZDL7318970_931085933	null	t	f	image
1147	813Nab75aQL7786290_253348942	sellit-media/813Nab75aQL7786290_253348942	null	t	f	image
1148	71ZEPs9Y7CL3809654_567924241	sellit-media/71ZEPs9Y7CL3809654_567924241	null	t	f	image
1149	71Sp6M--UpL59049_198058740425	sellit-media/71Sp6M--UpL59049_198058740425	null	t	f	image
1150	71uu-S9fsCL4536857_740087241	sellit-media/71uu-S9fsCL4536857_740087241	null	t	f	image
1151	815cAIRfKjL5343002_155078462	sellit-media/815cAIRfKjL5343002_155078462	null	t	f	image
1152	815cAIRfKjL5549795_540806184	sellit-media/815cAIRfKjL5549795_540806184	null	t	f	image
1153	71Sp6M--UpL1590096_3150233482	sellit-media/71Sp6M--UpL1590096_3150233482	null	t	f	image
1154	61wgnuIJDEL3161286_2288960274	sellit-media/61wgnuIJDEL3161286_2288960274	null	t	f	image
1155	711+0tgn+6L3537191_392369321	sellit-media/711+0tgn+6L3537191_392369321	null	t	f	image
1156	91CnBmI3G8L2393609_883051717	sellit-media/91CnBmI3G8L2393609_883051717	null	t	f	image
1157	81XtkiVBYxL6086620_475460458	sellit-media/81XtkiVBYxL6086620_475460458	null	t	f	image
1158	71Q9lRFU4VL1667304_1235984387	sellit-media/71Q9lRFU4VL1667304_1235984387	null	t	f	image
1159	51pwqs5xEcL1117439_3310445808	sellit-media/51pwqs5xEcL1117439_3310445808	null	t	f	image
1160	71AGOX9MORL4798838_906280163	sellit-media/71AGOX9MORL4798838_906280163	null	t	f	image
1161	61pskHRSN2L7736582_574546498	sellit-media/61pskHRSN2L7736582_574546498	null	t	f	image
1162	71CKGX0iXPS3681142_40212982	sellit-media/71CKGX0iXPS3681142_40212982	thll	t	f	image
1163	51dBcW+NXPL2641492_2119314354	sellit-media/51dBcW+NXPL2641492_2119314354	null	t	f	image
1164	71TOJXChXtL178466_3496490535	sellit-media/71TOJXChXtL178466_3496490535	null	t	f	image
1165	713WJz2wXLL2806517_8113302714	sellit-media/713WJz2wXLL2806517_8113302714	null	t	f	image
1166	71uu-S9fsCL6051087_647852747	sellit-media/71uu-S9fsCL6051087_647852747	null	t	f	image
1167	61wYl1RtGOL3325832_949484704	sellit-media/61wYl1RtGOL3325832_949484704	null	t	f	image
1168	71PRmI5eCqL7685781_80314563	sellit-media/71PRmI5eCqL7685781_80314563	thll	t	f	image
1169	61m8rRc8RfL9004162_978734998	sellit-media/61m8rRc8RfL9004162_978734998	null	t	f	image
1170	41jLIFi2GXS1634449_6750376236	sellit-media/41jLIFi2GXS1634449_6750376236	null	t	f	image
1171	71TOJXChXtL3532628_2729846947	sellit-media/71TOJXChXtL3532628_2729846947	null	t	f	image
1172	71Qp4khq-1L6173485_929112652	sellit-media/71Qp4khq-1L6173485_929112652	null	t	f	image
1173	81F1YLvNwEL8562267_367163626	sellit-media/81F1YLvNwEL8562267_367163626	null	t	f	image
1174	71FpoBA7ZcL5046706_3504407285	sellit-media/71FpoBA7ZcL5046706_3504407285	null	t	f	image
1175	817tGjvKfWL2428126_797287915	sellit-media/817tGjvKfWL2428126_797287915	null	t	f	image
1176	91NkPe-lM3L9844447_714007983	sellit-media/91NkPe-lM3L9844447_714007983	null	t	f	image
1177	81jIGNqTjmL3117797_587030815	sellit-media/81jIGNqTjmL3117797_587030815	null	t	f	image
1178	71+LIOKehyL8281127_670124813	sellit-media/71+LIOKehyL8281127_670124813	null	t	f	image
1179	51iazuN-+TL3192991_6946832226	sellit-media/51iazuN-+TL3192991_6946832226	null	t	f	image
1180	71Mt4JAZQtL3727805_961084851	sellit-media/71Mt4JAZQtL3727805_961084851	null	t	f	image
1181	71PRmI5eCqL4296323_9885782525	sellit-media/71PRmI5eCqL4296323_9885782525	null	t	f	image
1182	71L6HDQ211L6046688_429963718	sellit-media/71L6HDQ211L6046688_429963718	null	t	f	image
1183	812VbscUxiL3295619_7616809546	sellit-media/812VbscUxiL3295619_7616809546	null	t	f	image
1184	815cAIRfKjL2000026_7077292476	sellit-media/815cAIRfKjL2000026_7077292476	null	t	f	image
1185	713RkW3M4IL4124760_4279884985	sellit-media/713RkW3M4IL4124760_4279884985	null	t	f	image
1186	71uu-S9fsCL5432898_33555086	sellit-media/71uu-S9fsCL5432898_33555086	thll	t	f	image
1187	71jTFnk7XiL4180671_764563988	sellit-media/71jTFnk7XiL4180671_764563988	null	t	f	image
1188	71+1lOl1Y1L2641439_175030218	sellit-media/71+1lOl1Y1L2641439_175030218	null	t	f	image
1189	71g9X7W9K3L1072821_0960444561	sellit-media/71g9X7W9K3L1072821_0960444561	null	t	f	image
1190	81zcUyiNcUL5480080_915876042	sellit-media/81zcUyiNcUL5480080_915876042	null	t	f	image
1191	71JqyTBiXrL4846479_986991152	sellit-media/71JqyTBiXrL4846479_986991152	null	t	f	image
1192	81sq-a+suJL1469731_623626349	sellit-media/81sq-a+suJL1469731_623626349	null	t	f	image
1193	415G0bg-hiL1758510_0318713542	sellit-media/415G0bg-hiL1758510_0318713542	null	t	f	image
1194	71CR6drcruL3849119_1126489067	sellit-media/71CR6drcruL3849119_1126489067	null	t	f	image
1195	71Sp6M--UpL8755233_972825143	sellit-media/71Sp6M--UpL8755233_972825143	null	t	f	image
1196	71PRmI5eCqL8460622_718682542	sellit-media/71PRmI5eCqL8460622_718682542	null	t	f	image
1197	71ZEPs9Y7CL1876402_566348585	sellit-media/71ZEPs9Y7CL1876402_566348585	null	t	f	image
1198	819hAP4xoGS5227485_404951584	sellit-media/819hAP4xoGS5227485_404951584	null	t	f	image
1199	71tXLOE7wIL8659645_330886392	sellit-media/71tXLOE7wIL8659645_330886392	null	t	f	image
1200	91pjZAMbEUS973558_0626927365	sellit-media/91pjZAMbEUS973558_0626927365	null	t	f	image
1201	71ctRE34RuL4554115_263205933	sellit-media/71ctRE34RuL4554115_263205933	null	t	f	image
1202	6142LSpf6xL9655925_977729863	sellit-media/6142LSpf6xL9655925_977729863	null	t	f	image
1203	814KnXVtcsL9494748_75654239	sellit-media/814KnXVtcsL9494748_75654239	thll	t	f	image
1204	71v0BQo8T8L6636428_568645927	sellit-media/71v0BQo8T8L6636428_568645927	null	t	f	image
1205	71k1LmLaj4L3154968_098371744	sellit-media/71k1LmLaj4L3154968_098371744	null	t	f	image
1206	81J9wwm9WxL5363100_440458462	sellit-media/81J9wwm9WxL5363100_440458462	null	t	f	image
1207	71gx1HNTj1L6832728_355549926	sellit-media/71gx1HNTj1L6832728_355549926	null	t	f	image
1208	81K1NR+8WjL5544704_444787048	sellit-media/81K1NR+8WjL5544704_444787048	null	t	f	image
1209	61e2XEOJLGL1232204_1838900754	sellit-media/61e2XEOJLGL1232204_1838900754	null	t	f	image
1210	71FLsWWmE8L6757260_332550988	sellit-media/71FLsWWmE8L6757260_332550988	null	t	f	image
1211	71pvhTrmZDL4332867_1677899575	sellit-media/71pvhTrmZDL4332867_1677899575	null	t	f	image
1212	813Nab75aQL4421417_384169084	sellit-media/813Nab75aQL4421417_384169084	null	t	f	image
1213	71ZEPs9Y7CL4413057_703671539	sellit-media/71ZEPs9Y7CL4413057_703671539	null	t	f	image
1214	812VbscUxiL8549338_977762217	sellit-media/812VbscUxiL8549338_977762217	null	t	f	image
1215	61fb2UmHdxL6016346_188684883	sellit-media/61fb2UmHdxL6016346_188684883	null	t	f	image
1216	815cAIRfKjL8941560_936340904	sellit-media/815cAIRfKjL8941560_936340904	null	t	f	image
1217	81TtgFNJrGL969309_3494657945	sellit-media/81TtgFNJrGL969309_3494657945	null	t	f	image
1218	71vMoUckwLL6634771_852818042	sellit-media/71vMoUckwLL6634771_852818042	null	t	f	image
1219	71iQ5Tk45WL1532131_3042574048	sellit-media/71iQ5Tk45WL1532131_3042574048	null	t	f	image
1220	71jTFnk7XiL5499431_316023926	sellit-media/71jTFnk7XiL5499431_316023926	null	t	f	image
1221	71+1lOl1Y1L3183241_951821896	sellit-media/71+1lOl1Y1L3183241_951821896	null	t	f	image
1222	71g9X7W9K3L7102178_518951732	sellit-media/71g9X7W9K3L7102178_518951732	null	t	f	image
1223	81zcUyiNcUL423333_19491460355	sellit-media/81zcUyiNcUL423333_19491460355	null	t	f	image
1224	71JqyTBiXrL5634715_3961250605	sellit-media/71JqyTBiXrL5634715_3961250605	null	t	f	image
1225	81sq-a+suJL8347050_45492576	sellit-media/81sq-a+suJL8347050_45492576	thll	t	f	image
1226	415G0bg-hiL1545156_1381414768	sellit-media/415G0bg-hiL1545156_1381414768	null	t	f	image
1227	71CR6drcruL6720125_171580651	sellit-media/71CR6drcruL6720125_171580651	null	t	f	image
1228	71iQ5Tk45WL31083_13535833851	sellit-media/71iQ5Tk45WL31083_13535833851	null	t	f	image
1229	71eMQCrUH9L9417438_574751336	sellit-media/71eMQCrUH9L9417438_574751336	null	t	f	image
1230	71mMMV4oCyL6433921_54227606	sellit-media/71mMMV4oCyL6433921_54227606	thll	t	f	image
1231	819hAP4xoGS5415345_907721694	sellit-media/819hAP4xoGS5415345_907721694	null	t	f	image
1232	71tXLOE7wIL9708737_717713842	sellit-media/71tXLOE7wIL9708737_717713842	null	t	f	image
1233	91pjZAMbEUS3214902_254529677	sellit-media/91pjZAMbEUS3214902_254529677	null	t	f	image
1234	71ctRE34RuL8607210_424435357	sellit-media/71ctRE34RuL8607210_424435357	null	t	f	image
1235	6142LSpf6xL2103495_8372590416	sellit-media/6142LSpf6xL2103495_8372590416	null	t	f	image
1236	814KnXVtcsL135196_91583079085	sellit-media/814KnXVtcsL135196_91583079085	null	t	f	image
1237	71v0BQo8T8L638151_2015071422	sellit-media/71v0BQo8T8L638151_2015071422	null	t	f	image
1238	71k1LmLaj4L3522969_7384144366	sellit-media/71k1LmLaj4L3522969_7384144366	null	t	f	image
1239	81J9wwm9WxL3134283_7121051727	sellit-media/81J9wwm9WxL3134283_7121051727	null	t	f	image
1240	71gx1HNTj1L1545096_0964521165	sellit-media/71gx1HNTj1L1545096_0964521165	null	t	f	image
1241	81K1NR+8WjL3873770_1351081124	sellit-media/81K1NR+8WjL3873770_1351081124	null	t	f	image
1242	61e2XEOJLGL9575090_157826606	sellit-media/61e2XEOJLGL9575090_157826606	null	t	f	image
1243	71FLsWWmE8L8713503_448019007	sellit-media/71FLsWWmE8L8713503_448019007	null	t	f	image
1244	71pvhTrmZDL9471584_277698455	sellit-media/71pvhTrmZDL9471584_277698455	null	t	f	image
1245	813Nab75aQL6202258_448327662	sellit-media/813Nab75aQL6202258_448327662	null	t	f	image
1246	71mMMV4oCyL4494492_478185077	sellit-media/71mMMV4oCyL4494492_478185077	null	t	f	image
1247	61HTK2fsTFL9586720_107890572	sellit-media/61HTK2fsTFL9586720_107890572	null	t	f	image
1248	61TvWKCQy1L7344701_808332088	sellit-media/61TvWKCQy1L7344701_808332088	null	t	f	image
1249	815cAIRfKjL3677588_8132515	sellit-media/815cAIRfKjL3677588_8132515	thll	t	f	image
1250	713RkW3M4IL1157103_7497482828	sellit-media/713RkW3M4IL1157103_7497482828	null	t	f	image
1251	71Sp6M--UpL5062473_192676085	sellit-media/71Sp6M--UpL5062473_192676085	null	t	f	image
1252	61wgnuIJDEL2802846_982335445	sellit-media/61wgnuIJDEL2802846_982335445	null	t	f	image
1253	711+0tgn+6L9520142_831212409	sellit-media/711+0tgn+6L9520142_831212409	null	t	f	image
1254	91CnBmI3G8L8360697_89697353	sellit-media/91CnBmI3G8L8360697_89697353	thll	t	f	image
1255	81XtkiVBYxL5881545_356347499	sellit-media/81XtkiVBYxL5881545_356347499	null	t	f	image
1256	71Q9lRFU4VL9620590_127627086	sellit-media/71Q9lRFU4VL9620590_127627086	null	t	f	image
1257	51pwqs5xEcL1371459_094982972	sellit-media/51pwqs5xEcL1371459_094982972	null	t	f	image
1258	71AGOX9MORL2260648_8849678286	sellit-media/71AGOX9MORL2260648_8849678286	null	t	f	image
1259	61pskHRSN2L1835137_8313609378	sellit-media/61pskHRSN2L1835137_8313609378	null	t	f	image
1260	71CKGX0iXPS7507008_760732761	sellit-media/71CKGX0iXPS7507008_760732761	null	t	f	image
1261	51dBcW+NXPL2680179_7880311096	sellit-media/51dBcW+NXPL2680179_7880311096	null	t	f	image
1262	71TOJXChXtL6697190_966011159	sellit-media/71TOJXChXtL6697190_966011159	null	t	f	image
1263	713WJz2wXLL7938914_606771908	sellit-media/713WJz2wXLL7938914_606771908	null	t	f	image
1264	71uu-S9fsCL9427456_045597045	sellit-media/71uu-S9fsCL9427456_045597045	null	t	f	image
1265	61TvWKCQy1L2725248_137195118	sellit-media/61TvWKCQy1L2725248_137195118	null	t	f	image
1266	61HTK2fsTFL7275063_136930817	sellit-media/61HTK2fsTFL7275063_136930817	null	t	f	image
1267	61m8rRc8RfL3073473_7244793563	sellit-media/61m8rRc8RfL3073473_7244793563	null	t	f	image
1268	41jLIFi2GXS9916751_65073637	sellit-media/41jLIFi2GXS9916751_65073637	thll	t	f	image
1269	71TOJXChXtL884561_0781973879	sellit-media/71TOJXChXtL884561_0781973879	null	t	f	image
1270	71Qp4khq-1L7181143_044281812	sellit-media/71Qp4khq-1L7181143_044281812	null	t	f	image
1271	81F1YLvNwEL3101740_4117513793	sellit-media/81F1YLvNwEL3101740_4117513793	null	t	f	image
1272	71FpoBA7ZcL2215790_537227267	sellit-media/71FpoBA7ZcL2215790_537227267	null	t	f	image
1273	817tGjvKfWL3492681_751702722	sellit-media/817tGjvKfWL3492681_751702722	null	t	f	image
1274	91NkPe-lM3L7822941_782044981	sellit-media/91NkPe-lM3L7822941_782044981	null	t	f	image
1275	81jIGNqTjmL5643839_770925043	sellit-media/81jIGNqTjmL5643839_770925043	null	t	f	image
1276	71+LIOKehyL5816437_425149772	sellit-media/71+LIOKehyL5816437_425149772	null	t	f	image
1277	51iazuN-+TL8508790_926738953	sellit-media/51iazuN-+TL8508790_926738953	null	t	f	image
1278	71Mt4JAZQtL283181_7510796042	sellit-media/71Mt4JAZQtL283181_7510796042	null	t	f	image
1279	71ZEPs9Y7CL7818387_084064633	sellit-media/71ZEPs9Y7CL7818387_084064633	null	t	f	image
1280	71L6HDQ211L578246_6608835412	sellit-media/71L6HDQ211L578246_6608835412	null	t	f	image
1281	71b5rSpaQyL2337228_9349983144	sellit-media/71b5rSpaQyL2337228_9349983144	null	t	f	image
1282	815cAIRfKjL5148435_136996561	sellit-media/815cAIRfKjL5148435_136996561	null	t	f	image
1283	713RkW3M4IL5444549_01068895	sellit-media/713RkW3M4IL5444549_01068895	thll	t	f	image
1284	71uu-S9fsCL1381364_3928218444	sellit-media/71uu-S9fsCL1381364_3928218444	null	t	f	image
1285	71jTFnk7XiL4026719_4176461585	sellit-media/71jTFnk7XiL4026719_4176461585	null	t	f	image
1286	71+1lOl1Y1L8094101_379206511	sellit-media/71+1lOl1Y1L8094101_379206511	null	t	f	image
1287	71g9X7W9K3L242808_53499568434	sellit-media/71g9X7W9K3L242808_53499568434	null	t	f	image
1288	81zcUyiNcUL4761823_52111342	sellit-media/81zcUyiNcUL4761823_52111342	thll	t	f	image
1289	71JqyTBiXrL5838488_6424518805	sellit-media/71JqyTBiXrL5838488_6424518805	null	t	f	image
1290	81sq-a+suJL370735_71106461587	sellit-media/81sq-a+suJL370735_71106461587	null	t	f	image
1291	415G0bg-hiL7600262_939590161	sellit-media/415G0bg-hiL7600262_939590161	null	t	f	image
1292	71CR6drcruL6728471_856151021	sellit-media/71CR6drcruL6728471_856151021	null	t	f	image
1293	71yEtz7yTyL7941275_397941358	sellit-media/71yEtz7yTyL7941275_397941358	null	t	f	image
1294	71Sp6M--UpL5947641_819243958	sellit-media/71Sp6M--UpL5947641_819243958	null	t	f	image
1295	61TvWKCQy1L8385274_557874931	sellit-media/61TvWKCQy1L8385274_557874931	null	t	f	image
1296	819hAP4xoGS9495502_32011752	sellit-media/819hAP4xoGS9495502_32011752	thll	t	f	image
1297	71tXLOE7wIL3173057_4148882427	sellit-media/71tXLOE7wIL3173057_4148882427	null	t	f	image
1298	91pjZAMbEUS8945572_966833178	sellit-media/91pjZAMbEUS8945572_966833178	null	t	f	image
1299	71ctRE34RuL7027501_160506829	sellit-media/71ctRE34RuL7027501_160506829	null	t	f	image
1300	6142LSpf6xL5450620_509184834	sellit-media/6142LSpf6xL5450620_509184834	null	t	f	image
1301	814KnXVtcsL8842742_00025382	sellit-media/814KnXVtcsL8842742_00025382	thll	t	f	image
1302	71v0BQo8T8L4726525_807462707	sellit-media/71v0BQo8T8L4726525_807462707	null	t	f	image
1303	71k1LmLaj4L4231629_173782394	sellit-media/71k1LmLaj4L4231629_173782394	null	t	f	image
1304	81J9wwm9WxL5770874_633623899	sellit-media/81J9wwm9WxL5770874_633623899	null	t	f	image
1305	71gx1HNTj1L2762437_761350964	sellit-media/71gx1HNTj1L2762437_761350964	null	t	f	image
1306	81K1NR+8WjL6530784_785547028	sellit-media/81K1NR+8WjL6530784_785547028	null	t	f	image
1307	61e2XEOJLGL4500110_790860663	sellit-media/61e2XEOJLGL4500110_790860663	null	t	f	image
1308	71FLsWWmE8L2247533_4585477035	sellit-media/71FLsWWmE8L2247533_4585477035	null	t	f	image
1309	71pvhTrmZDL1314697_6377028509	sellit-media/71pvhTrmZDL1314697_6377028509	null	t	f	image
1310	813Nab75aQL4238185_716328901	sellit-media/813Nab75aQL4238185_716328901	null	t	f	image
1311	71L6HDQ211L4179288_885673058	sellit-media/71L6HDQ211L4179288_885673058	null	t	f	image
1312	61HTK2fsTFL323595_48905724677	sellit-media/61HTK2fsTFL323595_48905724677	null	t	f	image
1313	71yEtz7yTyL1909997_0675230483	sellit-media/71yEtz7yTyL1909997_0675230483	null	t	f	image
1314	815cAIRfKjL9112597_101650825	sellit-media/815cAIRfKjL9112597_101650825	null	t	f	image
1315	815cAIRfKjL6864739_531987714	sellit-media/815cAIRfKjL6864739_531987714	null	t	f	image
1316	61wgnuIJDEL1416936_6573160947	sellit-media/61wgnuIJDEL1416936_6573160947	null	t	f	image
1317	711+0tgn+6L1324271_3264467397	sellit-media/711+0tgn+6L1324271_3264467397	null	t	f	image
1318	91CnBmI3G8L4783118_964219559	sellit-media/91CnBmI3G8L4783118_964219559	null	t	f	image
1319	81XtkiVBYxL5609093_110653169	sellit-media/81XtkiVBYxL5609093_110653169	null	t	f	image
1320	71Q9lRFU4VL8943165_074767726	sellit-media/71Q9lRFU4VL8943165_074767726	null	t	f	image
1321	51pwqs5xEcL3831513_073567736	sellit-media/51pwqs5xEcL3831513_073567736	null	t	f	image
1322	71AGOX9MORL7306557_942352616	sellit-media/71AGOX9MORL7306557_942352616	null	t	f	image
1323	61pskHRSN2L7994015_089486508	sellit-media/61pskHRSN2L7994015_089486508	null	t	f	image
1324	71CKGX0iXPS3065743_718566738	sellit-media/71CKGX0iXPS3065743_718566738	null	t	f	image
1325	51dBcW+NXPL3643529_6819010274	sellit-media/51dBcW+NXPL3643529_6819010274	null	t	f	image
1326	71TOJXChXtL2032871_2751652934	sellit-media/71TOJXChXtL2032871_2751652934	null	t	f	image
1327	713WJz2wXLL9606981_863551391	sellit-media/713WJz2wXLL9606981_863551391	null	t	f	image
1328	71uu-S9fsCL586451_3006198213	sellit-media/71uu-S9fsCL586451_3006198213	null	t	f	image
1329	71Sp6M--UpL4622616_889490736	sellit-media/71Sp6M--UpL4622616_889490736	null	t	f	image
1330	61TvWKCQy1L6082562_565327015	sellit-media/61TvWKCQy1L6082562_565327015	null	t	f	image
1331	61m8rRc8RfL3279290_704050952	sellit-media/61m8rRc8RfL3279290_704050952	null	t	f	image
1332	41jLIFi2GXS9430464_619112771	sellit-media/41jLIFi2GXS9430464_619112771	null	t	f	image
1333	71TOJXChXtL4346212_958128484	sellit-media/71TOJXChXtL4346212_958128484	null	t	f	image
1334	71Qp4khq-1L7568158_831912088	sellit-media/71Qp4khq-1L7568158_831912088	null	t	f	image
1335	81F1YLvNwEL6844529_034587308	sellit-media/81F1YLvNwEL6844529_034587308	null	t	f	image
1336	71FpoBA7ZcL3147628_50118794	sellit-media/71FpoBA7ZcL3147628_50118794	thll	t	f	image
1337	817tGjvKfWL5388233_095312754	sellit-media/817tGjvKfWL5388233_095312754	null	t	f	image
1338	91NkPe-lM3L609013_4689096183	sellit-media/91NkPe-lM3L609013_4689096183	null	t	f	image
1339	81jIGNqTjmL3682988_4727263385	sellit-media/81jIGNqTjmL3682988_4727263385	null	t	f	image
1340	71+LIOKehyL1380809_5721597092	sellit-media/71+LIOKehyL1380809_5721597092	null	t	f	image
1341	51iazuN-+TL6725219_014377597	sellit-media/51iazuN-+TL6725219_014377597	null	t	f	image
1342	71Mt4JAZQtL7238436_53815127	sellit-media/71Mt4JAZQtL7238436_53815127	thll	t	f	image
1343	71ZEPs9Y7CL6034858_459918482	sellit-media/71ZEPs9Y7CL6034858_459918482	null	t	f	image
1344	71L6HDQ211L4991859_623578652	sellit-media/71L6HDQ211L4991859_623578652	null	t	f	image
1345	61HTK2fsTFL7449425_256602251	sellit-media/61HTK2fsTFL7449425_256602251	null	t	f	image
1346	71yEtz7yTyL6396337_43718027	sellit-media/71yEtz7yTyL6396337_43718027	null	t	f	image
1347	815cAIRfKjL9706103_953016661	sellit-media/815cAIRfKjL9706103_953016661	null	t	f	image
1348	713RkW3M4IL9116767_179957043	sellit-media/713RkW3M4IL9116767_179957043	null	t	f	image
1349	71jTFnk7XiL5191857_050915507	sellit-media/71jTFnk7XiL5191857_050915507	null	t	f	image
1350	71+1lOl1Y1L296112_9636615478	sellit-media/71+1lOl1Y1L296112_9636615478	null	t	f	image
1351	71g9X7W9K3L3356921_969166342	sellit-media/71g9X7W9K3L3356921_969166342	null	t	f	image
1352	81zcUyiNcUL7610467_35783314	sellit-media/81zcUyiNcUL7610467_35783314	null	t	f	image
1353	71JqyTBiXrL4407108_239700424	sellit-media/71JqyTBiXrL4407108_239700424	null	t	f	image
1354	81sq-a+suJL6248526_914076358	sellit-media/81sq-a+suJL6248526_914076358	null	t	f	image
1355	415G0bg-hiL2249828_452668587	sellit-media/415G0bg-hiL2249828_452668587	null	t	f	image
1356	71CR6drcruL8100706_172159493	sellit-media/71CR6drcruL8100706_172159493	null	t	f	image
1357	71uu-S9fsCL9131359_504819442	sellit-media/71uu-S9fsCL9131359_504819442	null	t	f	image
1358	71Sp6M--UpL8771097_746842945	sellit-media/71Sp6M--UpL8771097_746842945	null	t	f	image
1359	61TvWKCQy1L2519548_0095607834	sellit-media/61TvWKCQy1L2519548_0095607834	null	t	f	image
1360	819hAP4xoGS116927_86048052018	sellit-media/819hAP4xoGS116927_86048052018	null	t	f	image
1361	71tXLOE7wIL5113226_679477687	sellit-media/71tXLOE7wIL5113226_679477687	null	t	f	image
1362	91pjZAMbEUS2702364_1044729296	sellit-media/91pjZAMbEUS2702364_1044729296	null	t	f	image
1363	71ctRE34RuL1381256_6207788303	sellit-media/71ctRE34RuL1381256_6207788303	null	t	f	image
1364	6142LSpf6xL521957_0836495646	sellit-media/6142LSpf6xL521957_0836495646	null	t	f	image
1365	814KnXVtcsL6620993_312684604	sellit-media/814KnXVtcsL6620993_312684604	null	t	f	image
1366	71v0BQo8T8L9789637_85054186	sellit-media/71v0BQo8T8L9789637_85054186	null	t	f	image
1367	71aBWpq3-uL3822497_3518433436	sellit-media/71aBWpq3-uL3822497_3518433436	null	t	f	image
1368	71VEccvirEL9858793_251160052	sellit-media/71VEccvirEL9858793_251160052	null	t	f	image
1369	51yQZVfP7BS4516859_244216711	sellit-media/51yQZVfP7BS4516859_244216711	null	t	f	image
1370	51aUHrUHq-L2846684_0520673944	sellit-media/51aUHrUHq-L2846684_0520673944	null	t	f	image
1371	41GM+FKwXpL7223162_7413396975	sellit-media/41GM+FKwXpL7223162_7413396975	null	t	f	image
1372	61J5Oz1CA9L7545342_190061164	sellit-media/61J5Oz1CA9L7545342_190061164	null	t	f	image
1373	71LBqYGzBrL7198117_866245741	sellit-media/71LBqYGzBrL7198117_866245741	null	t	f	image
1374	61eEMFP2HfL8104662_454069513	sellit-media/61eEMFP2HfL8104662_454069513	null	t	f	image
1375	81ya-I8k1tL8484657_303193575	sellit-media/81ya-I8k1tL8484657_303193575	null	t	f	image
1376	61LmV2Bq7CS8541489_09526631	sellit-media/61LmV2Bq7CS8541489_09526631	null	t	f	image
1377	41EqPxSRKhL7032380_487293062	sellit-media/41EqPxSRKhL7032380_487293062	null	t	f	image
1378	61Z9+l2VotL1797747_2950982775	sellit-media/61Z9+l2VotL1797747_2950982775	null	t	f	image
1379	41wW-0TVo1L5447292_981614136	sellit-media/41wW-0TVo1L5447292_981614136	null	t	f	image
1380	615YipeumnL1593573_262045622	sellit-media/615YipeumnL1593573_262045622	null	t	f	image
1381	61txXqoc67L2760497_8701656256	sellit-media/61txXqoc67L2760497_8701656256	null	t	f	image
1382	61p2N9v20+L2265816_3704609023	sellit-media/61p2N9v20+L2265816_3704609023	null	t	f	image
1383	71VJFeBRezL6339712_810857621	sellit-media/71VJFeBRezL6339712_810857621	null	t	f	image
1384	71VEccvirEL7354875_875763282	sellit-media/71VEccvirEL7354875_875763282	null	t	f	image
1385	71llqqSTrVL6340058_19186989	sellit-media/71llqqSTrVL6340058_19186989	null	t	f	image
1386	71pmB6aaZOL4983844_2563619865	sellit-media/71pmB6aaZOL4983844_2563619865	null	t	f	image
1387	71qPgS2SfXL3908799_555454421	sellit-media/71qPgS2SfXL3908799_555454421	null	t	f	image
1388	71BjTRukTTL6142196_1257911865	sellit-media/71BjTRukTTL6142196_1257911865	null	t	f	image
1389	612D8euFf6L9515750_565288318	sellit-media/612D8euFf6L9515750_565288318	null	t	f	image
1390	71XHPuLiHVL7632504_89948192	sellit-media/71XHPuLiHVL7632504_89948192	null	t	f	image
1391	81lCHvmMXNL4210632_848732872	sellit-media/81lCHvmMXNL4210632_848732872	null	t	f	image
1392	81vWq6mJVKL4716492_31679739	sellit-media/81vWq6mJVKL4716492_31679739	null	t	f	image
1393	613cCcxLcrL5560821_863790937	sellit-media/613cCcxLcrL5560821_863790937	null	t	f	image
1394	61gQGCAWwzL9386855_698731465	sellit-media/61gQGCAWwzL9386855_698731465	null	t	f	image
1395	81llNL67rrL8617051_275337791	sellit-media/81llNL67rrL8617051_275337791	null	t	f	image
1396	71Wua1rRkEL2000479_622678475	sellit-media/71Wua1rRkEL2000479_622678475	null	t	f	image
1397	41-goVzRp5L1967370_9721474063	sellit-media/41-goVzRp5L1967370_9721474063	null	t	f	image
1398	5162EFP6uoL7675192_502718389	sellit-media/5162EFP6uoL7675192_502718389	null	t	f	image
1399	71KwRajW1DL4687692_27039364	sellit-media/71KwRajW1DL4687692_27039364	null	t	f	image
1400	81Rh7ImOpYL9123676_066388346	sellit-media/81Rh7ImOpYL9123676_066388346	null	t	f	image
1401	61cM96AWtnL5009764_592314064	sellit-media/61cM96AWtnL5009764_592314064	null	t	f	image
1402	51janadm4zL9786729_906003872	sellit-media/51janadm4zL9786729_906003872	null	t	f	image
1403	31rhpHQXbcL7164985_542350506	sellit-media/31rhpHQXbcL7164985_542350506	null	t	f	image
1404	711MgPoMoUS6835163_240401368	sellit-media/711MgPoMoUS6835163_240401368	null	t	f	image
1405	710Q6tUttYS7376865_377499429	sellit-media/710Q6tUttYS7376865_377499429	null	t	f	image
1406	61jMvouBFTL5502325_599675895	sellit-media/61jMvouBFTL5502325_599675895	null	t	f	image
1407	51-B-laB-2L3488720_4286327255	sellit-media/51-B-laB-2L3488720_4286327255	null	t	f	image
1408	71Elz62-K2L5289840_284258289	sellit-media/71Elz62-K2L5289840_284258289	null	t	f	image
1409	71EkPXPybyL127593_19679496395	sellit-media/71EkPXPybyL127593_19679496395	null	t	f	image
1410	617-A68DZaL3085694_6349960766	sellit-media/617-A68DZaL3085694_6349960766	null	t	f	image
1411	81EFbzAltVL27296_80089318176	sellit-media/81EFbzAltVL27296_80089318176	null	t	f	image
1412	81ChTbPNGHL1877239_2265536885	sellit-media/81ChTbPNGHL1877239_2265536885	null	t	f	image
1413	91Q3QLRCtDL6162247_569935253	sellit-media/91Q3QLRCtDL6162247_569935253	null	t	f	image
1414	61BxyOVxo8L1650463_6368860726	sellit-media/61BxyOVxo8L1650463_6368860726	null	t	f	image
1415	41zhzBAr2fL8690385_826287998	sellit-media/41zhzBAr2fL8690385_826287998	null	t	f	image
1416	61QISnaokkL9155453_512064504	sellit-media/61QISnaokkL9155453_512064504	null	t	f	image
1417	61xMVqEDG1L7325257_7296643425	sellit-media/61xMVqEDG1L7325257_7296643425	null	t	f	image
1418	51p4Z7CbU3L2583436_3658280955	sellit-media/51p4Z7CbU3L2583436_3658280955	null	t	f	image
1419	51-V9QkpIhL3299163_983484561	sellit-media/51-V9QkpIhL3299163_983484561	null	t	f	image
1420	51ckAgWjuUL16125_184858739594	sellit-media/51ckAgWjuUL16125_184858739594	null	t	f	image
1421	81+2lQEsB4L7533186_607771007	sellit-media/81+2lQEsB4L7533186_607771007	null	t	f	image
1422	51QXXNs5Z9S4587556_192502162	sellit-media/51QXXNs5Z9S4587556_192502162	null	t	f	image
1423	41rUE2ReupL6979880_62635174	sellit-media/41rUE2ReupL6979880_62635174	null	t	f	image
1424	410w6UzpWyL2801201_862777272	sellit-media/410w6UzpWyL2801201_862777272	null	t	f	image
1425	71oF0kIa1-L2343826_694170481	sellit-media/71oF0kIa1-L2343826_694170481	null	t	f	image
1426	61LFI6LVrdS3534381_950930927	sellit-media/61LFI6LVrdS3534381_950930927	null	t	f	image
1427	81Rh7ImOpYL4857910_637706761	sellit-media/81Rh7ImOpYL4857910_637706761	null	t	f	image
1428	51janadm4zL2850190_088674951	sellit-media/51janadm4zL2850190_088674951	null	t	f	image
1429	61cM96AWtnL6154137_632242795	sellit-media/61cM96AWtnL6154137_632242795	null	t	f	image
1430	71CUmyhYe2L3579530_3162858263	sellit-media/71CUmyhYe2L3579530_3162858263	null	t	f	image
1431	61zuO12F1PL5791461_593275851	sellit-media/61zuO12F1PL5791461_593275851	null	t	f	image
1432	71evUMYBlcL1515233_8863621107	sellit-media/71evUMYBlcL1515233_8863621107	null	t	f	image
1433	71FWnuZNE3L4197173_5273506995	sellit-media/71FWnuZNE3L4197173_5273506995	null	t	f	image
1434	815hk3xZ8lL664821_5430732996	sellit-media/815hk3xZ8lL664821_5430732996	null	t	f	image
1435	71zUbHdzbmL4961584_031803438	sellit-media/71zUbHdzbmL4961584_031803438	null	t	f	image
1436	81yeMQBB5cL3309442_7345801992	sellit-media/81yeMQBB5cL3309442_7345801992	null	t	f	image
1437	616c0QxY0yL2583940_804972817	sellit-media/616c0QxY0yL2583940_804972817	null	t	f	image
1438	51QGGW5vv9L3944415_6442326526	sellit-media/51QGGW5vv9L3944415_6442326526	null	t	f	image
1439	A1xpLaLQigL3486669_5320289787	sellit-media/A1xpLaLQigL3486669_5320289787	null	t	f	image
1440	71qO6JZZQML3026670_4158704495	sellit-media/71qO6JZZQML3026670_4158704495	null	t	f	image
1441	71InbrShrrL7850837_516275313	sellit-media/71InbrShrrL7850837_516275313	null	t	f	image
1442	81NXYXVOBsL319246_54771552153	sellit-media/81NXYXVOBsL319246_54771552153	null	t	f	image
1443	61kJnl2-mFL1252294_6429729643	sellit-media/61kJnl2-mFL1252294_6429729643	null	t	f	image
1444	71KwRajW1DL3018878_6097379583	sellit-media/71KwRajW1DL3018878_6097379583	null	t	f	image
1445	51pJvGuGnZL5282988_658478269	sellit-media/51pJvGuGnZL5282988_658478269	null	t	f	image
1446	81mobFPzsvS9982479_52412466	sellit-media/81mobFPzsvS9982479_52412466	null	t	f	image
1447	71jHAk+ZO6L6027984_39461437	sellit-media/71jHAk+ZO6L6027984_39461437	null	t	f	image
1448	81yhTMDb1VL9591328_875589615	sellit-media/81yhTMDb1VL9591328_875589615	null	t	f	image
1449	61tfY72pI+L8024530_385050279	sellit-media/61tfY72pI+L8024530_385050279	null	t	f	image
1450	71YI+ETehQL2871269_332510522	sellit-media/71YI+ETehQL2871269_332510522	null	t	f	image
1451	61TM5JyVdYL8526174_209881326	sellit-media/61TM5JyVdYL8526174_209881326	null	t	f	image
1452	8146gI8s+SL8779598_762186222	sellit-media/8146gI8s+SL8779598_762186222	null	t	f	image
1453	51k+SRP0NsL4087635_042185287	sellit-media/51k+SRP0NsL4087635_042185287	null	t	f	image
1454	41Ywqs93XzL4777575_329530732	sellit-media/41Ywqs93XzL4777575_329530732	null	t	f	image
1455	61x-djWgFPS1727722_5418495145	sellit-media/61x-djWgFPS1727722_5418495145	null	t	f	image
1456	61+E3xUcMnL6762847_6578094745	sellit-media/61+E3xUcMnL6762847_6578094745	null	t	f	image
1457	81V01WqhtFL6503950_213083169	sellit-media/81V01WqhtFL6503950_213083169	null	t	f	image
1458	81hLE-j5RjL7671134_8948770985	sellit-media/81hLE-j5RjL7671134_8948770985	null	t	f	image
1459	71l3g488VVL3532586_6578050503	sellit-media/71l3g488VVL3532586_6578050503	null	t	f	image
1460	71+MmN95WDL3428184_9291925193	sellit-media/71+MmN95WDL3428184_9291925193	null	t	f	image
1461	71o7TxUqcoL9134138_751880392	sellit-media/71o7TxUqcoL9134138_751880392	null	t	f	image
1462	61vdW+1n-XL6708836_016518074	sellit-media/61vdW+1n-XL6708836_016518074	null	t	f	image
1463	61V5d46EYfL6201185_697468627	sellit-media/61V5d46EYfL6201185_697468627	null	t	f	image
1464	51lx2I-TUdS5220533_242000689	sellit-media/51lx2I-TUdS5220533_242000689	null	t	f	image
1465	81GSO31SBpL9588046_659733534	sellit-media/81GSO31SBpL9588046_659733534	null	t	f	image
1466	719V0uXHVmL490802_6939290666	sellit-media/719V0uXHVmL490802_6939290666	null	t	f	image
1467	61jgdJ-MYUL3811553_224005002	sellit-media/61jgdJ-MYUL3811553_224005002	null	t	f	image
1468	61ICVSKmG5L2387907_4959364343	sellit-media/61ICVSKmG5L2387907_4959364343	null	t	f	image
1469	7102cNuEccL6721347_255872033	sellit-media/7102cNuEccL6721347_255872033	null	t	f	image
1470	61m2iChYwWL9477968_005125992	sellit-media/61m2iChYwWL9477968_005125992	null	t	f	image
1471	51AxWK248EL5544757_30232145	sellit-media/51AxWK248EL5544757_30232145	null	t	f	image
1472	51e-A6F8uHS1989439_8172217032	sellit-media/51e-A6F8uHS1989439_8172217032	null	t	f	image
1473	61YxxE7s6xL750631_0849921283	sellit-media/61YxxE7s6xL750631_0849921283	null	t	f	image
1474	41tLPgZLJXL9921047_66554783	sellit-media/41tLPgZLJXL9921047_66554783	null	t	f	image
1475	71iutapQ1bL3777634_6292159604	sellit-media/71iutapQ1bL3777634_6292159604	null	t	f	image
1476	710h78r8ZEL7871348_017365773	sellit-media/710h78r8ZEL7871348_017365773	null	t	f	image
1477	714egS4vZqL8182703_011589691	sellit-media/714egS4vZqL8182703_011589691	null	t	f	image
1478	61UCppCOneL3996301_5691341553	sellit-media/61UCppCOneL3996301_5691341553	null	t	f	image
1479	71hAYw++bnL6111358_237468796	sellit-media/71hAYw++bnL6111358_237468796	null	t	f	image
1480	61bWXLQZYkL8787741_900385393	sellit-media/61bWXLQZYkL8787741_900385393	null	t	f	image
1481	71w3gqXM-wL1124099_2156261508	sellit-media/71w3gqXM-wL1124099_2156261508	null	t	f	image
1482	61kVDjDyznL6345227_513073668	sellit-media/61kVDjDyznL6345227_513073668	null	t	f	image
1483	71KUnEChQYL252753_8912124383	sellit-media/71KUnEChQYL252753_8912124383	null	t	f	image
1484	71+2jStnDXL3800791_7991721607	sellit-media/71+2jStnDXL3800791_7991721607	null	t	f	image
1485	71CTfhFtphL6763640_156051753	sellit-media/71CTfhFtphL6763640_156051753	null	t	f	image
1486	71l3g488VVL5084887_220657843	sellit-media/71l3g488VVL5084887_220657843	null	t	f	image
1487	61kJnl2-mFL6080195_946715885	sellit-media/61kJnl2-mFL6080195_946715885	null	t	f	image
1488	71KwRajW1DL970918_7924833396	sellit-media/71KwRajW1DL970918_7924833396	null	t	f	image
1489	81NXYXVOBsL3751555_8811714845	sellit-media/81NXYXVOBsL3751555_8811714845	null	t	f	image
1490	41GM+FKwXpL2234487_563356955	sellit-media/41GM+FKwXpL2234487_563356955	null	t	f	image
1491	61J5Oz1CA9L9480118_204668168	sellit-media/61J5Oz1CA9L9480118_204668168	null	t	f	image
1492	71LBqYGzBrL3016624_1983687514	sellit-media/71LBqYGzBrL3016624_1983687514	null	t	f	image
1493	61eEMFP2HfL6445115_445183663	sellit-media/61eEMFP2HfL6445115_445183663	null	t	f	image
1494	81ya-I8k1tL1136644_7284305536	sellit-media/81ya-I8k1tL1136644_7284305536	null	t	f	image
1495	61LmV2Bq7CS1522918_7666742129	sellit-media/61LmV2Bq7CS1522918_7666742129	null	t	f	image
1496	41EqPxSRKhL9956334_516080065	sellit-media/41EqPxSRKhL9956334_516080065	null	t	f	image
1497	61Z9+l2VotL7927291_198043251	sellit-media/61Z9+l2VotL7927291_198043251	null	t	f	image
1498	41wW-0TVo1L5348750_077533448	sellit-media/41wW-0TVo1L5348750_077533448	null	t	f	image
1499	615YipeumnL1111630_6461584235	sellit-media/615YipeumnL1111630_6461584235	null	t	f	image
1500	61txXqoc67L9246248_700376565	sellit-media/61txXqoc67L9246248_700376565	null	t	f	image
1501	61p2N9v20+L6067645_728449278	sellit-media/61p2N9v20+L6067645_728449278	null	t	f	image
1502	71llqqSTrVL4516432_609725818	sellit-media/71llqqSTrVL4516432_609725818	null	t	f	image
1503	81NXYXVOBsL2775115_359904219	sellit-media/81NXYXVOBsL2775115_359904219	null	t	f	image
1504	71KwRajW1DL1915803_5093299919	sellit-media/71KwRajW1DL1915803_5093299919	null	t	f	image
1505	81hLE-j5RjL9398547_615367305	sellit-media/81hLE-j5RjL9398547_615367305	null	t	f	image
1506	71qPgS2SfXL8811111_270500606	sellit-media/71qPgS2SfXL8811111_270500606	null	t	f	image
1507	71BjTRukTTL4384422_818943421	sellit-media/71BjTRukTTL4384422_818943421	null	t	f	image
1508	612D8euFf6L1740876_3186834864	sellit-media/612D8euFf6L1740876_3186834864	null	t	f	image
1509	71XHPuLiHVL3164895_834469066	sellit-media/71XHPuLiHVL3164895_834469066	null	t	f	image
1510	81lCHvmMXNL2324683_9012908516	sellit-media/81lCHvmMXNL2324683_9012908516	null	t	f	image
1511	81vWq6mJVKL523992_3762155696	sellit-media/81vWq6mJVKL523992_3762155696	null	t	f	image
1512	613cCcxLcrL8676658_90472656	sellit-media/613cCcxLcrL8676658_90472656	null	t	f	image
1513	61gQGCAWwzL6545894_876939105	sellit-media/61gQGCAWwzL6545894_876939105	null	t	f	image
1514	71Wua1rRkEL7001577_356954394	sellit-media/71Wua1rRkEL7001577_356954394	null	t	f	image
1515	41-goVzRp5L982382_858677695	sellit-media/41-goVzRp5L982382_858677695	null	t	f	image
1516	5162EFP6uoL6149490_992333002	sellit-media/5162EFP6uoL6149490_992333002	null	t	f	image
1517	31rhpHQXbcL812960_6502375731	sellit-media/31rhpHQXbcL812960_6502375731	null	t	f	image
1518	61cM96AWtnL502761_3195176839	sellit-media/61cM96AWtnL502761_3195176839	null	t	f	image
1519	71l+xUwaLGL6174027_5930447085	sellit-media/71l+xUwaLGL6174027_5930447085	null	t	f	image
1520	51dg3piXiyL206629_03994414172	sellit-media/51dg3piXiyL206629_03994414172	null	t	f	image
1521	51dg3piXiyL1987329_1669240922	sellit-media/51dg3piXiyL1987329_1669240922	null	t	f	image
1522	711MgPoMoUS6295926_40001545	sellit-media/711MgPoMoUS6295926_40001545	null	t	f	image
1523	710Q6tUttYS2310727_2881304785	sellit-media/710Q6tUttYS2310727_2881304785	null	t	f	image
1524	61jMvouBFTL3310350_862850597	sellit-media/61jMvouBFTL3310350_862850597	null	t	f	image
1525	51-B-laB-2L8948124_396311687	sellit-media/51-B-laB-2L8948124_396311687	null	t	f	image
1526	71Elz62-K2L8042889_111046909	sellit-media/71Elz62-K2L8042889_111046909	null	t	f	image
1527	71EkPXPybyL4794527_372741966	sellit-media/71EkPXPybyL4794527_372741966	null	t	f	image
1528	71EkPXPybyL6525264_413972829	sellit-media/71EkPXPybyL6525264_413972829	null	t	f	image
1529	617-A68DZaL5455195_763996075	sellit-media/617-A68DZaL5455195_763996075	null	t	f	image
1530	81EFbzAltVL953067_7317867209	sellit-media/81EFbzAltVL953067_7317867209	null	t	f	image
1531	81ChTbPNGHL7066253_217008324	sellit-media/81ChTbPNGHL7066253_217008324	null	t	f	image
1532	91Q3QLRCtDL9924626_777494859	sellit-media/91Q3QLRCtDL9924626_777494859	null	t	f	image
1533	61BxyOVxo8L6353119_082990031	sellit-media/61BxyOVxo8L6353119_082990031	null	t	f	image
1534	41zhzBAr2fL4875969_792869717	sellit-media/41zhzBAr2fL4875969_792869717	null	t	f	image
1535	61QISnaokkL1274597_9968406495	sellit-media/61QISnaokkL1274597_9968406495	null	t	f	image
1536	61xMVqEDG1L2765013_901496971	sellit-media/61xMVqEDG1L2765013_901496971	null	t	f	image
1537	51p4Z7CbU3L8875456_535792952	sellit-media/51p4Z7CbU3L8875456_535792952	null	t	f	image
1538	51-V9QkpIhL5708506_251686334	sellit-media/51-V9QkpIhL5708506_251686334	null	t	f	image
1539	51ckAgWjuUL8267394_683504945	sellit-media/51ckAgWjuUL8267394_683504945	null	t	f	image
1540	81+2lQEsB4L1484552_2905474917	sellit-media/81+2lQEsB4L1484552_2905474917	null	t	f	image
1541	51QXXNs5Z9S7772612_574529212	sellit-media/51QXXNs5Z9S7772612_574529212	null	t	f	image
1542	41rUE2ReupL437171_7961856159	sellit-media/41rUE2ReupL437171_7961856159	null	t	f	image
1543	410w6UzpWyL2926275_084167347	sellit-media/410w6UzpWyL2926275_084167347	null	t	f	image
1544	71oF0kIa1-L6526345_842945127	sellit-media/71oF0kIa1-L6526345_842945127	null	t	f	image
1545	61LFI6LVrdS4391395_467230388	sellit-media/61LFI6LVrdS4391395_467230388	null	t	f	image
1546	61cM96AWtnL8053784_869081444	sellit-media/61cM96AWtnL8053784_869081444	null	t	f	image
1547	81NXYXVOBsL7617033_655698211	sellit-media/81NXYXVOBsL7617033_655698211	null	t	f	image
1548	71l+xUwaLGL2045104_3410537718	sellit-media/71l+xUwaLGL2045104_3410537718	null	t	f	image
1549	71CUmyhYe2L4634709_609566696	sellit-media/71CUmyhYe2L4634709_609566696	null	t	f	image
1550	61zuO12F1PL5049711_66219337	sellit-media/61zuO12F1PL5049711_66219337	null	t	f	image
1551	71evUMYBlcL2212029_524911181	sellit-media/71evUMYBlcL2212029_524911181	null	t	f	image
1552	71FWnuZNE3L852635_7680905816	sellit-media/71FWnuZNE3L852635_7680905816	null	t	f	image
1553	815hk3xZ8lL1449832_984597117	sellit-media/815hk3xZ8lL1449832_984597117	null	t	f	image
1554	71zUbHdzbmL1535363_3297755742	sellit-media/71zUbHdzbmL1535363_3297755742	null	t	f	image
1555	81yeMQBB5cL4941194_948184389	sellit-media/81yeMQBB5cL4941194_948184389	null	t	f	image
1556	616c0QxY0yL1974190_642091036	sellit-media/616c0QxY0yL1974190_642091036	null	t	f	image
1557	51QGGW5vv9L3709564_886046266	sellit-media/51QGGW5vv9L3709564_886046266	null	t	f	image
1558	A1xpLaLQigL9263233_283720795	sellit-media/A1xpLaLQigL9263233_283720795	null	t	f	image
1559	71qO6JZZQML7353846_071663191	sellit-media/71qO6JZZQML7353846_071663191	null	t	f	image
1560	71InbrShrrL1915883_0970315032	sellit-media/71InbrShrrL1915883_0970315032	null	t	f	image
1561	81Rh7ImOpYL6928936_348218091	sellit-media/81Rh7ImOpYL6928936_348218091	null	t	f	image
1562	51janadm4zL5796937_479085975	sellit-media/51janadm4zL5796937_479085975	null	t	f	image
1563	61kJnl2-mFL5940194_096751157	sellit-media/61kJnl2-mFL5940194_096751157	null	t	f	image
1564	81hLE-j5RjL2014386_298237454	sellit-media/81hLE-j5RjL2014386_298237454	null	t	f	image
1565	81mobFPzsvS5200287_976818596	sellit-media/81mobFPzsvS5200287_976818596	null	t	f	image
