insert into public.address (address_line_1, address_line_2, city, state, zip_postal_code, country) values
('123 Main St', 'Apt 4B', 'Anytown', 'CA', '90210', 'USA'),
('456 Oak Ave', 'Suite 100', 'Otherville', 'NY', '10001', 'USA'),
('789 Pine Ln', null, 'Somewhere', 'TX', '73301', 'USA'),
('101 Elm St', 'Unit 2', 'Villageton', 'FL', '33101', 'USA'),
('222 Maple Dr', 'Bldg 5', 'Hamlet', 'GA', '30303', 'USA'),
('333 Birch Rd', null, 'Metropolis', 'IL', '60601', 'USA'),
('444 Cedar Ct', 'Floor 3', 'Boomtown', 'WA', '98101', 'USA'),
('555 Spruce Way', null, 'Riverside', 'AZ', '85001', 'USA'),
('666 Willow Row', 'Apt 1A', 'Hillside', 'CO', '80001', 'USA'),
('777 Poplar Blvd', 'Unit 12', 'Lakeview', 'MI', '48103', 'USA');

insert into public.profiles (id, first_name, last_name, email, phone, dob, country, is_customer, is_vendor) values
('a0eebc99-9c0b-4ef8-bb6d-6bb9bd380a11', 'John', 'Doe', 'john.doe@example.com', '+2348012345678', '1990-01-15', 'Nigeria', true, true),
('b0eebc99-9c0b-4ef8-bb6d-6bb9bd380a22', 'Jane', 'Smith', 'jane.smith@example.com', '+2348023456789', '1985-05-20', 'Nigeria', true, false),
('c0eebc99-9c0b-4ef8-bb6d-6bb9bd380a33', 'Peter', 'Jones', 'peter.jones@example.com', '+2348034567890', '1992-11-01', 'Nigeria', false, true),
('d0eebc99-9c0b-4ef8-bb6d-6bb9bd380a44', 'Alice', 'Brown', 'alice.brown@example.com', '+2348045678901', '1988-03-25', 'Nigeria', true, false),
('e0eebc99-9c0b-4ef8-bb6d-6bb9bd380a55', 'Bob', 'White', 'bob.white@example.com', '+2348056789012', '1995-07-10', 'Nigeria', false, true),
('f1eebc99-9c0b-4ef8-bb6d-6bb9bd380a66', 'Maria', 'Garcia', 'maria.garcia@example.com', '+34600112233', '1991-08-22', 'Spain', true, false),
('a2eebc99-9c0b-4ef8-bb6d-6bb9bd380a77', 'Kenji', 'Tanaka', 'kenji.tanaka@example.com', '+819012345678', '1987-02-11', 'Japan', true, true),
('e3eebc99-9c0b-4ef8-bb6d-6bb9bd380a88', 'Sophie', 'Dubois', 'sophie.dubois@example.com', '+33612345678', '1993-04-03', 'France', false, true),
('14eebc99-9c0b-4ef8-bb6d-6bb9bd380a99', 'Carlos', 'Silva', 'carlos.silva@example.com', '+5511987654321', '1980-12-30', 'Brazil', true, false),
('45eebc99-9c0b-4ef8-bb6d-6bb9bd380b00', 'Emily', 'Clark', 'emily.clark@example.com', '+447123456789', '1998-06-05', 'United Kingdom', true, true);

insert into public.categories(category_name) values ('Electronics'),
('Clothing'),
('Books'),
('Beauty Products'),
('Automobiles'),
('Video Games'),
('Home & Kitchen'),
('Toys & Games'),
('Health & Household'),
('Pet Supplies'),
('Sports & Outdoors'),
('Tools & Home Improvement'),
('Arts, Crafts & Sewing'),
('Baby'),
('Garden & Outdoor'),
('Musical Instruments'),
('Office Products'),
('Software'),
('Collectibles & Fine Art'),
('Industrial & Scientific'),
('Handmade');

insert into public.subcategories(category_id, subcategory_name) values ((select category_id from categories where category_name = 'Electronics'), 'Computers'),
((select category_id from categories where category_name = 'Electronics'), 'Smartphones'),
((select category_id from categories where category_name = 'Electronics'), 'Accessories'),
((select category_id from categories where category_name = 'Electronics'), 'Televisions & Home Theater'),
((select category_id from categories where category_name = 'Electronics'), 'Cameras & Photography'),
((select category_id from categories where category_name = 'Electronics'), 'Wearable Technology'),
((select category_id from categories where category_name = 'Clothing'), 'Women''s Fashion'),
((select category_id from categories where category_name = 'Clothing'), 'Men''s Fashion'),
((select category_id from categories where category_name = 'Clothing'), 'Kids'' Fashion'),
((select category_id from categories where category_name = 'Clothing'), 'Footwear'),
((select category_id from categories where category_name = 'Books'), 'Fiction'),
((select category_id from categories where category_name = 'Books'), 'Non-Fiction'),
((select category_id from categories where category_name = 'Books'), 'Children''s Books'),
((select category_id from categories where category_name = 'Beauty Products'), 'Skincare'),
((select category_id from categories where category_name = 'Beauty Products'), 'Makeup'),
((select category_id from categories where category_name = 'Beauty Products'), 'Haircare'),
((select category_id from categories where category_name = 'Automobiles'), 'Car Parts & Accessories'),
((select category_id from categories where category_name = 'Automobiles'), 'Motorcycles'),
((select category_id from categories where category_name = 'Video Games'), 'PC Games'),
((select category_id from categories where category_name = 'Video Games'), 'PlayStation Games'),
((select category_id from categories where category_name = 'Video Games'), 'Xbox Games'),
((select category_id from categories where category_name = 'Home & Kitchen'), 'Kitchen Appliances'),
((select category_id from categories where category_name = 'Home & Kitchen'), 'Home Decor'),
((select category_id from categories where category_name = 'Home & Kitchen'), 'Furniture'),
((select category_id from categories where category_name = 'Toys & Games'), 'Action Figures'),
((select category_id from categories where category_name = 'Toys & Games'), 'Board Games'),
((select category_id from categories where category_name = 'Health & Household'), 'Vitamins & Supplements'),
((select category_id from categories where category_name = 'Health & Household'), 'Household Cleaners'),
((select category_id from categories where category_name = 'Pet Supplies'), 'Dog Supplies'),
((select category_id from categories where category_name = 'Pet Supplies'), 'Cat Supplies'),
((select category_id from categories where category_name = 'Sports & Outdoors'), 'Fitness Equipment'),
((select category_id from categories where category_name = 'Sports & Outdoors'), 'Camping & Hiking'),
((select category_id from categories where category_name = 'Tools & Home Improvement'), 'Power Tools'),
((select category_id from categories where category_name = 'Tools & Home Improvement'), 'Hand Tools'),
((select category_id from categories where category_name = 'Arts, Crafts & Sewing'), 'Painting & Drawing'),
((select category_id from categories where category_name = 'Arts, Crafts & Sewing'), 'Sewing & Fabric'),
((select category_id from categories where category_name = 'Baby'), 'Diapering'),
((select category_id from categories where category_name = 'Baby'), 'Feeding'),
((select category_id from categories where category_name = 'Garden & Outdoor'), 'Gardening Tools'),
((select category_id from categories where category_name = 'Garden & Outdoor'), 'Outdoor Decor'),
((select category_id from categories where category_name = 'Musical Instruments'), 'Guitars'),
((select category_id from categories where category_name = 'Musical Instruments'), 'Keyboards'),
((select category_id from categories where category_name = 'Office Products'), 'Office Electronics'),
((select category_id from categories where category_name = 'Office Products'), 'Office Furniture'),
((select category_id from categories where category_name = 'Software'), 'Operating Systems'),
((select category_id from categories where category_name = 'Software'), 'Productivity Software'),
((select category_id from categories where category_name = 'Collectibles & Fine Art'), 'Coins & Paper Money'),
((select category_id from categories where category_name = 'Collectibles & Fine Art'), 'Stamps'),
((select category_id from categories where category_name = 'Industrial & Scientific'), 'Lab & Scientific Products'),
((select category_id from categories where category_name = 'Industrial & Scientific'), 'Safety & Security'),
((select category_id from categories where category_name = 'Handmade'), 'Handmade Jewelry'),
((select category_id from categories where category_name = 'Handmade'), 'Handmade Home Decor');

insert into public.stores (store_name, custom_domain, vendor_id, address_id) values
('John''s Gadgets', 'gadgets.example.com', 'a0eebc99-9c0b-4ef8-bb6d-6bb9bd380a11', (select address_id from address where address_line_1 = '123 Main St' limit 1)),
('Peter''s Picks', null, 'c0eebc99-9c0b-4ef8-bb6d-6bb9bd380a33', (select address_id from address where address_line_1 = '456 Oak Ave' limit 1)),
('Bob''s Bargains', 'bargains.example.com', 'e0eebc99-9c0b-4ef8-bb6d-6bb9bd380a55', (select address_id from address where address_line_1 = '789 Pine Ln' limit 1)),
('Kenji''s Tech', 'kenjitech.example.com', 'a2eebc99-9c0b-4ef8-bb6d-6bb9bd380a77', (select address_id from address where address_line_1 = '101 Elm St' limit 1)),
('Sophie''s Boutique', null, 'e3eebc99-9c0b-4ef8-bb6d-6bb9bd380a88', (select address_id from address where address_line_1 = '222 Maple Dr' limit 1)),
('Emily''s Emporium', 'emilysemp.example.com', '45eebc99-9c0b-4ef8-bb6d-6bb9bd380b00', (select address_id from address where address_line_1 = '333 Birch Rd' limit 1)),
('Global Goods', 'globalgoods.example.com', '14eebc99-9c0b-4ef8-bb6d-6bb9bd380a99', (select address_id from address where address_line_1 = '444 Cedar Ct' limit 1)),
('Artisan Alley', null, 'd0eebc99-9c0b-4ef8-bb6d-6bb9bd380a44', (select address_id from address where address_line_1 = '555 Spruce Way' limit 1)),
('Tech Haven', 'techhaven.example.com', 'a2eebc99-9c0b-4ef8-bb6d-6bb9bd380a77', (select address_id from address where address_line_1 = '666 Willow Row' limit 1)),
('Fashion Forward', null, '45eebc99-9c0b-4ef8-bb6d-6bb9bd380b00', (select address_id from address where address_line_1 = '777 Poplar Blvd' limit 1));
